{
  "create": {
    "3.1.2": {
      "gap": 99,
      "ops": 445466.84165328945,
      "rme": 46831.24672707412
    },
    "3.2.0": {
      "gap": 99,
      "ops": 420068.7398957086,
      "rme": 43439.80575942487
    },
    "3.2.1": {
      "gap": 99,
      "ops": 410439.0883044554,
      "rme": 41681.032057012904
    },
    "3.3.0": {
      "gap": 98,
      "ops": 428606.33057425066,
      "rme": 11717.338922884897
    }
  },
  "extend": {
    "3.1.2": {
      "gap": 95,
      "ops": 30919.29786197325,
      "rme": 1951.9649284839904
    },
    "3.2.0": {
      "gap": 95,
      "ops": 29598.646321088076,
      "rme": 1939.8234491485587
    },
    "3.2.1": {
      "gap": 96,
      "ops": 29029.20048097094,
      "rme": 1856.4917212584219
    },
    "3.3.0": {
      "gap": 93,
      "ops": 39445.39320202459,
      "rme": 706.4560564838488
    }
  },
  "use": {
    "3.1.2": {
      "gap": 75,
      "ops": 3299359.843515913,
      "rme": 52658.129853765015
    },
    "3.2.0": {
      "gap": 83,
      "ops": 2437964.780430483,
      "rme": 38251.6426892726
    },
    "3.2.1": {
      "gap": 80,
      "ops": 2715175.8735054196,
      "rme": 26505.081394618628
    },
    "3.3.0": {
      "gap": 76,
      "ops": 2609767.184730868,
      "rme": 4036.007635535579
    }
  },
  "base": {
    "3.1.2": {
      "gap": 89,
      "ops": 887159.1503085215,
      "rme": 14390.20507444187
    },
    "3.2.0": {
      "gap": 90,
      "ops": 812778.8073449318,
      "rme": 28005.377822842533
    },
    "3.2.1": {
      "gap": 88,
      "ops": 984195.305374521,
      "rme": 47147.57682463315
    },
    "3.3.0": {
      "gap": 68,
      "ops": 2024617.548078252,
      "rme": 33918.05176781598
    }
  }
}